type,K,T1,T2,Td,zeta,omega_n,num,den,sprunghoehe_target,sprungzeit_target,Kp,Ki,Kd,Tu,Tg,Overshoot,Label,type_PT1,type_PT1+Td,type_PT2,type_PT2+Td,ISE,rise_time,ss_error
PT1+Td,2.340705608370487,29.79516251124653,0.0,2.118115655932173,,,[2.340705608370487],"[29.79516251124653, 1]",1,20,2.3740318981226456,0.1226540122839903,0.697000469756287,26.313156578289146,5.102551275637818,0.0360753513643912,good,False,True,False,False,6.051245065148692,1.7485703392369063,49.0
PT1+Td,2.9233232740656905,45.47024323762043,0.0,0.7400593226261716,,,[2.9233232740656905],"[45.47024323762043, 1]",1,20,2.680050055793314,0.0874466402686052,0.1054416347818308,31.015507753876932,5.60280140070035,0.0280361144269797,good,False,True,False,False,7.261521858505404,1.9200248576565881,49.0
PT1+Td,0.9361506785989298,36.6146084792533,0.0,2.1894843584978605,,,[0.9361506785989298],"[36.6146084792533, 1]",1,20,0.7431328013796935,0.0292807033724314,0.1441884414920853,165.28264132066033,42.82141070535268,0.0031688718640504,good,False,True,False,False,4.227905359616521,0.037919487374384754,49.0
PT1,1.2790219213824314,11.853314197287956,0.0,0.0,,,[1.2790219213824314],"[11.853314197287956, 1]",1,20,0.9546923532980882,0.9765848721268192,0.0467422785229074,9.004502251125562,3.301650825412706,0.4082270556301017,good,True,False,False,False,9.210440366976517,-4.93518115237145,49.0
PT1,2.245809906295187,43.37166100595374,0.0,0.0,,,[2.245809906295187],"[43.37166100595374, 1]",1,20,1.3714337860478318,0.5104650253883432,0.7644562249446523,17.6088044022011,6.003001500750375,0.4181503091378922,good,True,False,False,False,6.666693180276803,3.7538133874157684,49.0
PT1,1.0652965698358194,49.426818362645605,0.0,0.0,,,[1.0652965698358194],"[49.426818362645605, 1]",1,20,1.4459534635340523,0.8548939983412615,0.9359413817611686,22.01100550275137,8.004002001000499,0.5549776121453188,good,True,False,False,False,8.462161002370578,3.5648291780260632,49.0
PT1,0.7205076199611994,36.37241601197204,0.0,0.0,,,[0.7205076199611994],"[36.372416011972035, 1]",1,20,1.743138270125809,0.4188685394913816,0.9135606725605911,32.416208104052025,11.50575287643822,0.342987975059314,good,True,False,False,False,7.754398048118768,1.395800017148696,49.0
PT2+Td,2.6002832935817244,12.4014726540558,2.3851449984850768,4.997714376264823,,,[2.6002832935817244],[29.57931047 14.78661765  1.        ],1,20,0.9176774015232212,0.0677626057745581,0.579617026864886,21.61080540270135,6.3031515757878935,0.0,good,False,False,False,True,5.120652874766045,1.4762310460168164,49.0
PT2,2.8881900638881004,2.5625414495272167,12.77372982726059,0.0,,,[2.8881900638881004],[32.73321215 15.33627128  1.        ],1,20,2.266555874201058,0.5261551372336195,0.6117675945768212,7.503751875937969,2.901450725362681,0.4500256135271693,good,False,False,True,False,9.210440366976517,11.088535908141349,49.0
PT1+Td,2.062004004390261,1.9687133503527807,0.0,1.3117494182828155,,,[2.0620040043902614],"[1.9687133503527807, 1]",1,20,0.5684864625181852,0.5900558616298881,0.2958468357211667,4.8024012006003,1.4007003501750874,0.0786573007889409,good,False,True,False,False,5.329726192941065,-0.4474342543907719,49.0
PT1,0.592069616382233,3.846874181775502,0.0,0.0,,,[0.592069616382233],"[3.846874181775502, 1]",1,20,0.619719434467467,0.9513634068848846,0.2658740324840076,8.704352176088044,3.4017008504252124,0.1980388830419668,good,True,False,False,False,8.586882172554908,-0.8193896585864254,49.0
PT1+Td,0.7262848845038845,34.370124334647016,0.0,2.729979211396617,,,[0.7262848845038845],"[34.370124334647016, 1]",1,20,1.2134911332743106,0.0895490059945067,0.1133336472973846,74.33716858429214,24.212106053026517,0.1061640027700603,good,False,True,False,False,5.867261708180402,0.20332582471718877,49.0
PT2+Td,2.8731632398958853,10.479485677594427,46.44304769984113,4.185564424435019,,,[2.8731632398958853],[486.69925319  56.92253338   1.        ],1,20,2.0455620788681577,0.1659442753532816,0.5004590967982211,29.31465732866433,11.705852926463232,0.6083523092017805,good,False,False,False,True,8.054446057074868,1.9906790638147054,49.0
PT1,0.6132743070880091,35.654310099525446,0.0,0.0,,,[0.6132743070880091],"[35.654310099525446, 1]",1,20,1.9374846372819745,0.0786667104275726,0.4107027369225862,100.15007503751876,25.51275637818909,0.0250838264841216,good,True,False,False,False,5.4685017290322895,0.13410902145668177,49.0
PT2+Td,2.9877719654556154,28.35912028731202,13.550259713497184,3.902811210964188,,,[2.9877719654556154],[384.27344514  41.90938      1.        ],1,20,0.8638545439500684,0.0160915017556837,0.4382934186509635,44.122061030515255,19.50975487743872,0.0287273049503169,good,False,False,False,True,6.5755526372082675,0.4281430957867993,49.0
PT2+Td,2.1977247706545797,43.63459735658839,7.332810673959301,0.359921541745584,,,[2.1977247706545793],[319.96424125  50.96740803   1.        ],1,20,2.9437240749640337,0.1751781991052622,0.9312253023338286,24.51225612806403,9.704852426213106,0.3960778636786539,good,False,False,False,True,8.10212891301305,2.215794385752437,49.0
PT1+Td,2.1219393825222346,10.14092800661982,0.0,2.4425369320948014,,,[2.1219393825222346],"[10.14092800661982, 1]",1,20,1.522483667289019,0.4015867827422551,0.1138128230151959,9.204602301150574,2.501250625312656,0.1168989425178528,good,False,True,False,False,6.661818339538831,1.4053083850113535,49.0
PT1,0.9010091358977214,30.705902698573137,0.0,0.0,,,[0.9010091358977214],"[30.705902698573137, 1]",1,20,1.1636377564245466,0.3084091951102149,0.6377215622489971,31.41570785392696,11.305652826413208,0.3287919509140854,good,True,False,False,False,7.781657108478785,1.4567662876282377,49.0
PT1+Td,1.0988634389782417,47.932779184939726,0.0,1.976320095777083,,,[1.0988634389782415],"[47.932779184939726, 1]",1,20,2.115716645224853,0.5680323266827263,0.8647033160209453,25.112556278139067,8.604302151075537,0.3984993075743125,good,False,True,False,False,8.139526088133566,2.6983370416414103,49.0
PT1+Td,1.6443989247249915,42.98848693501823,0.0,3.59464965246153,,,[1.6443989247249917],"[42.98848693501823, 1]",1,20,1.812576948588684,0.0665001397160149,0.0274955189450949,56.0280140070035,13.006503251625812,0.0450087544742569,good,False,True,False,False,6.956360242731077,0.7231709629025739,49.0
PT2+Td,1.186743511504856,38.2198331400089,17.50954919142248,1.384250910031123,,,[1.1867435115048561],[669.21204845  55.72938233   1.        ],1,20,1.2035963352083372,0.0591102663092613,0.805674518977822,74.13706853426713,30.815407703851925,0.3087973559446713,good,False,False,False,True,5.2445914058371,0.0924076917053021,49.0
PT1+Td,0.9731236488291212,48.65048967066161,0.0,1.1772334261753543,,,[0.9731236488291211],"[48.65048967066161, 1]",1,20,2.302693884044117,0.4887217846685521,0.2470791195412978,28.614307153576785,9.804902451225612,0.3673651382706384,good,False,True,False,False,8.027152044990165,2.0495966115515643,49.0
PT1,0.9520244559679754,46.608826534571705,0.0,0.0,,,[0.9520244559679754],"[46.608826534571705, 1]",1,20,1.0035511585139716,0.5471178547879648,0.9074282827921376,28.614307153576785,10.705352676338167,0.529852649379479,good,True,False,False,False,8.101540453257169,1.9440898938790718,49.0
PT1,1.4659544583348412,44.62939977440402,0.0,0.0,,,[1.4659544583348412],"[44.62939977440402, 1]",1,20,2.576296667390701,0.6193044140943007,0.4247316215593523,19.2096048024012,6.203101550775387,0.3397459145439511,good,True,False,False,False,7.677597410018979,3.5289549610845494,49.0
PT2+Td,1.1520562256228966,49.82139945407365,1.805455264535912,1.1849011172641228,,,[1.1520562256228966],[89.95030793 51.62685472  1.        ],1,20,2.857223547402553,0.5167971388358152,0.7866684471119959,25.112556278139067,9.104552276138069,0.4386101570578995,good,False,False,False,True,8.204933929556804,2.56448617798804,49.0
PT1+Td,1.4744277829661292,19.820895480525145,0.0,2.2738246145693486,,,[1.4744277829661292],"[19.820895480525145, 1]",1,20,0.7734213045484826,0.2063133071880752,0.6018250189434149,24.412206103051524,8.404202101050524,0.243601654542211,good,False,True,False,False,7.821547376253704,2.3243855438439414,49.0
PT2,1.0848520706194202,40.307725134572046,19.022729566694924,0.0,,,[1.0848520706194202],[766.76295468  59.3304547    1.        ],1,20,2.0928832805862627,0.1320564986177699,0.7563613490786126,57.32866433216608,23.71185592796398,0.5239429839781449,good,False,False,True,False,6.030412864532354,0.1977460373110739,49.0
PT1+Td,1.6121745743441604,49.8848160236764,0.0,0.7965765351716434,,,[1.6121745743441604],"[49.8848160236764, 1]",1,20,1.659843723557621,0.7825958354318392,0.5772683370117794,18.209104552276138,6.4032016008004,0.4966226006521128,good,False,True,False,False,7.318710669284015,3.870138497231559,49.0
PT2+Td,2.801553333661283,2.8311031052306035,41.33235456014894,1.6821421993351242,,,[2.801553333661283],[117.01615734  44.16345767   1.        ],1,20,1.5009387332820356,0.0438337557864034,0.6384277534374044,39.11955977988994,10.505252626313156,0.02498037622904,good,False,False,False,True,7.339892582685835,1.101164284783722,49.0
PT1,1.80887998247122,35.80020070351468,0.0,0.0,,,[1.80887998247122],"[35.80020070351468, 1]",1,20,2.599086841590624,0.1972888147810044,0.1994010832292201,25.112556278139067,6.4032016008004,0.1077700864488462,good,True,False,False,False,7.637548082958053,2.3458479918455577,49.0
PT1,1.0364967339315312,23.071540974035045,0.0,0.0,,,[1.0364967339315312],"[23.071540974035045, 1]",1,20,2.9160512025619587,0.4280325370365776,0.5270215320255323,19.409704852426213,5.60280140070035,0.1553812578672301,good,True,False,False,False,6.367688355941898,2.5509040693368146,49.0
PT1+Td,2.2824876456882848,21.84694668409361,0.0,1.6074837873144436,,,[2.2824876456882848],"[21.846946684093606, 1]",1,20,1.114265995254201,0.7415337224996987,0.4212155604653688,10.40520260130065,3.601800900450225,0.410431722036326,good,False,True,False,False,8.587562017320263,-3.733087680252288,49.0
PT1+Td,1.010535772599394,27.33573528800875,0.0,4.585073729331435,,,[1.010535772599394],"[27.33573528800875, 1]",1,20,0.7355362196145185,0.3794767052056487,0.6136476035722347,25.81290645322661,9.704852426213106,0.4189309545044716,good,False,True,False,False,7.981671176606873,2.4112552591230685,49.0
PT2,1.0369326111533828,8.17495901085449,17.8923798141116,0.0,,,[1.0369326111533828],[146.26947159  26.06733882   1.        ],1,20,1.6565585237146632,0.0515610361546972,0.6418137302213026,39.81990995497748,16.408204102051023,0.0,good,False,False,True,False,6.748894593699288,0.5113745517355158,49.0
PT1,0.7409189348486862,22.7789964152686,0.0,0.0,,,[0.7409189348486862],"[22.778996415268598, 1]",1,20,0.8902656003377075,0.3435349782002691,0.8604635255059969,29.31465732866433,10.905452726363182,0.3250198329021004,good,True,False,False,False,7.854463932279804,1.6101605466348854,49.0
PT2,1.4340838021052076,2.298602777175112,48.51245502758161,0.0,,,[1.4340838021052076],[111.51086385  50.8110578    1.        ],1,20,2.6598209185927404,0.6462611937500103,0.5513259675589993,20.71035517758879,7.903951975987994,0.5790517559348675,good,False,False,True,False,8.484092783238067,3.7882650002966463,49.0
PT1,0.5176179424930203,24.372396994999505,0.0,0.0,,,[0.5176179424930203],"[24.372396994999505, 1]",1,20,2.0235915285308157,0.5204985565349061,0.9132138594222524,28.51425712856428,10.105052526263131,0.2778448405377723,good,True,False,False,False,7.8996173958824185,1.774554143466756,49.0
PT1,1.2817293348456895,4.705921793657383,0.0,0.0,,,[1.2817293348456897],"[4.705921793657383, 1]",1,20,1.5413081212405668,0.9780604180662013,0.272725143790155,5.60280140070035,1.7008504252126062,0.1411988665736054,good,True,False,False,False,9.210440366976517,-7.746629242176448,49.0
PT2+Td,2.105152954385638,31.74980320925684,15.43329401309873,2.03273107923446,,,[2.105152954385638],[490.00404779  47.18309722   1.        ],1,20,0.6293525350987007,0.0337104727294945,0.1666163302771073,66.83341670835418,28.314157078539267,0.2558940339199914,good,False,False,False,True,5.56561719994832,0.13062975906298213,49.0
PT1,2.967726377863883,2.478101826083109,0.0,0.0,,,[2.967726377863883],"[2.478101826083109, 1]",1,20,1.4576478525179777,0.6112154757499932,0.3696070622082568,4.702351175587793,0.6003001500750375,0.006899722762317,good,True,False,False,False,6.147380354384643,-0.9274362019987331,49.0
PT1,1.4819901320299576,9.55963536150791,0.0,0.0,,,[1.4819901320299576],"[9.55963536150791, 1]",1,20,2.357303124805462,0.6418413830382728,0.5973673603093661,8.704352176088044,2.301150575287644,0.1085902470550701,good,True,False,False,False,8.842524984209755,3.938127024510215,49.0
PT2+Td,1.5441568909259136,6.013768321983774,25.909181489189088,2.1853055501470218,,,[1.5441568909259136],[155.81181489  31.92294981   1.        ],1,20,2.185084585966565,0.3806651831245417,0.7967762275806358,21.31065532766383,8.604302151075537,0.6206127832791546,good,False,False,False,True,8.271166267924205,3.450794613085308,49.0
PT1+Td,0.6879664802294617,46.39958140674671,0.0,1.8766828335669297,,,[0.6879664802294617],"[46.399581406746705, 1]",1,20,1.2593584105449809,0.5195224835573429,0.1994037633757348,34.21710855427714,12.8064032016008,0.4815224384888651,good,False,True,False,False,7.703713158492435,1.2856321288118955,49.0
PT2,1.9354044589288013,9.11251101576382,4.3221063664922825,0.0,,,[1.9354044589288015],[39.38524188 13.43461738  1.        ],1,20,2.7601934502561623,0.9115735642003722,0.2516719485215892,8.204102051025512,3.301650825412706,0.7725962042579174,good,False,False,True,False,9.210440366976517,0.8666856927851563,49.0
PT1+Td,1.7514881455968512,49.54028708948262,0.0,1.858120476898508,,,[1.7514881455968512],"[49.54028708948262, 1]",1,20,1.9582086894604405,0.5464557952995309,0.1284478429544694,19.90995497748874,6.703351675837919,0.3930988420651214,good,False,True,False,False,7.522686169454749,3.2879330326896046,49.0
PT2,0.9801179097139128,13.622769862713538,4.827311079767958,0.0,,,[0.9801179097139128],[65.7613479  18.45008094  1.        ],1,20,1.6344764599036548,0.46811452377363,0.7244867182443545,19.10955477738869,7.803901950975487,0.5931396589279996,good,False,False,True,False,8.264751644818865,3.6724233687140946,49.0
PT2,1.694359762395885,44.09615956215549,5.47825270482878,0.0,,,[1.694359762395885],[241.56990539  49.57441227   1.        ],1,20,2.7718768168325068,0.3114223406338053,0.8925217287269837,25.112556278139067,9.804902451225612,0.5189918487261831,good,False,False,True,False,8.243798966418444,2.3869007367042996,49.0
PT2+Td,2.035365545243546,38.20346731117047,14.855287763906572,3.366991882171761,,,[2.035365545243546],[567.52350049  53.05875508   1.        ],1,20,2.7654641551160672,0.179473350926403,0.9863373970898384,31.915957978989493,12.30615307653827,0.6874506085972153,good,False,False,False,True,7.874138293574578,1.5611753076379553,49.0
PT1+Td,2.1578018790208766,43.34995801117088,0.0,4.998853508213489,,,[2.1578018790208766],"[43.34995801117088, 1]",1,20,0.977272975116346,0.0874246139239006,0.7573446217931713,43.2216108054027,13.30665332666333,0.1866480218043949,good,False,True,False,False,7.280685090944418,0.9799675887346525,49.0
PT1+Td,1.0961527570827332,41.18086474960205,0.0,3.608383141917694,,,[1.0961527570827332],"[41.18086474960205, 1]",1,20,2.6308725718873944,0.2402145180229458,0.9914746039641152,34.11705852926463,10.005002501250624,0.1738448446675256,good,False,True,False,False,7.626038719933793,1.5643077584340055,49.0
PT2,1.7637796277349125,29.06280551061668,18.64286831123635,0.0,,,[1.7637796277349123],[541.81405589  47.70567382   1.        ],1,20,2.9795962596947736,0.0614178683787823,0.9898688667414546,33.216608304152075,14.207103551775887,0.2603596510672664,good,False,False,True,False,7.322526127338224,0.8621252632371373,49.0
PT1+Td,1.0386591594654375,33.41721894119413,0.0,1.814717115448136,,,[1.0386591594654377],"[33.41721894119413, 1]",1,20,0.8688021105632333,0.8778123309745534,0.2372754623431252,18.309154577288645,6.903451725862931,0.5848577311104033,good,False,True,False,False,7.265314722748815,3.7213124889850424,49.0
PT1,2.8083081233259124,20.384215855737835,0.0,0.0,,,[2.8083081233259124],"[20.384215855737835, 1]",1,20,2.9986606073711566,0.4207504330670516,0.628393975869667,9.90495247623812,2.2011005502751373,0.0880827681393915,good,True,False,False,False,8.79564430716449,2.2705646636767782,49.0
PT2,0.9283762250873366,6.261797455616551,21.513431649328144,0.0,,,[0.9283762250873366],[134.71275156  27.7752291    1.        ],1,20,2.5880006478265103,0.2977147280286035,0.8952712743629998,25.712856428214103,10.40520260130065,0.4002444543308996,good,False,False,True,False,8.025362695835025,1.9406820542517786,49.0
PT2,2.1182355233884174,37.54560328650537,8.798604122282818,0.0,,,[2.1182355233884174],[330.34889985  46.34420741   1.        ],1,20,2.900303729982795,0.2082158600723364,0.7513802298788334,24.312156078039017,9.704852426213106,0.5080962418037541,good,False,False,True,False,8.228359551886284,2.410021669638659,49.0
PT1+Td,1.5101732144958122,45.00489829408588,0.0,1.1829810587083291,,,[1.5101732144958122],"[45.004898294085876, 1]",1,20,1.9729259486235944,0.2581843538514055,0.7344897955846567,29.514757378689342,9.204602301150574,0.248332351541941,good,False,True,False,False,7.9042958487497765,1.9611544392832454,49.0
PT2,1.1768666790526012,24.932590588760064,14.732730065017476,0.0,,,[1.1768666790526012],[367.32512697  39.66532065   1.        ],1,20,0.938581653718658,0.0279241822811162,0.679293148687686,92.34617308654326,32.71635817908954,0.0,good,False,False,True,False,4.898021777364061,0.06710461487570252,49.0
PT1,1.8328851038871783,14.97534836770712,0.0,0.0,,,[1.8328851038871785],"[14.97534836770712, 1]",1,20,0.8504771287856528,0.9765297200740268,0.0125611940827631,8.404202101050524,3.1015507753876936,0.4702929102583332,good,True,False,False,False,9.210440366976517,0.1883857542108759,49.0
PT2,1.9899018440076572,8.108093352990672,29.695887876341367,0.0,,,[1.9899018440076575],[240.7770311   37.80398123   1.        ],1,20,2.6507338141986083,0.1760409574265875,0.0499435766238029,22.71135567783892,9.30465232616308,0.4327995230376164,good,False,False,True,False,8.183624732160524,2.4897488764358946,49.0
PT1+Td,0.6543911401126957,17.25486307712456,0.0,1.9543442501376864,,,[0.6543911401126957],"[17.25486307712456, 1]",1,20,2.633952928467074,0.4580191256424298,0.8703130602317788,22.211105552776388,6.803401700850425,0.1444651592739089,good,False,True,False,False,7.25257141171031,2.2597359910128394,49.0
PT2,0.9974805467557276,10.16451404936893,35.45690450096202,0.0,,,[0.9974805467557277],[360.40220395  45.62141855   1.        ],1,20,2.2662571951554407,0.1873588738436777,0.1631624914103667,41.82091045522761,17.10855427713857,0.4657315820075053,good,False,False,True,False,6.964207228609769,0.5393324261198988,49.0
PT2+Td,0.969876055452102,6.9506908030193575,25.71673361172549,3.625989748558438,,,[0.969876055452102],[178.7490638   32.66742441   1.        ],1,20,2.930719322599828,0.5269587311661024,0.4672096750345706,24.0120060030015,9.504752376188094,0.7694604654589099,good,False,False,False,True,8.276144609868627,3.009175214017901,49.0
PT1+Td,0.9607602609872476,1.6281696484166477,0.0,4.3246187027710645,,,[0.9607602609872476],"[1.6281696484166477, 1]",1,20,2.8802116652996217,0.6482485880882399,0.5924572845130287,165.28264132066033,0.80040020010005,4.44089209850063e-16,good,False,True,False,False,6.433238484311033,1.3197083797027827,49.0
PT1,0.8694015124633965,29.054494909231213,0.0,0.0,,,[0.8694015124633965],"[29.054494909231213, 1]",1,20,2.405444438355674,0.855521335852737,0.8161147746885562,17.90895447723862,6.103051525762881,0.3642132414147536,good,True,False,False,False,7.083977566083457,3.4782046579247026,49.0
PT1,1.8586660220861269,34.5093425842966,0.0,0.0,,,[1.8586660220861269],"[34.5093425842966, 1]",1,20,2.7759562953449937,0.3123528867476517,0.8768060560420118,19.80990495247624,5.202601300650325,0.1515633540822052,good,True,False,False,False,5.04475130389256,2.4871814468040268,49.0
PT2,2.9733967483947525,21.3261498905357,8.318999972968946,0.0,,,[2.9733967483947525],[177.41224036  29.64514986   1.        ],1,20,2.64441482453304,0.026724204111064,0.0795480618416436,15.20760380190095,6.803401700850425,0.209479399897146,good,False,False,True,False,4.909355203009176,2.114330824142106,49.0
PT2+Td,0.7200828419586633,36.11811073995102,1.373204189775617,3.6500318931430016,,,[0.7200828419586633],[49.59754099 37.49131493  1.        ],1,20,2.8544211471784378,0.7041937173730296,0.2461486904409069,24.0120060030015,8.904452226113056,0.4477848032026948,good,False,False,False,True,8.068406773042746,2.727031419230858,49.0
PT1+Td,1.315969098730065,33.65757792243489,0.0,0.6688905700675524,,,[1.315969098730065],"[33.65757792243489, 1]",1,20,0.6672131713625233,0.2240059800548626,0.9315883083431952,32.61630815407704,11.905952976488244,0.3841688454209954,good,False,True,False,False,7.745715057760139,1.3833033763316107,49.0
PT1+Td,0.8429692379128452,45.02353139817363,0.0,0.5351049291777121,,,[0.8429692379128452],"[45.02353139817363, 1]",1,20,0.9131660465435532,0.504179882271435,0.8906792112443945,31.315657828914457,11.605802901450724,0.5568121998685823,good,False,True,False,False,7.901757746630671,1.555848170006974,49.0
PT1+Td,0.5023112694025709,49.66719463215322,0.0,2.122265748710721,,,[0.5023112694025709],"[49.66719463215322, 1]",1,20,2.071047327166798,0.0725313454025579,0.9884894268054268,128.56428214107052,37.61880940470235,0.0314114719972936,good,False,True,False,False,4.677433576870543,0.06024441716954576,49.0
PT2,0.5043186255429167,9.12824051478314,26.46199453216252,0.0,,,[0.5043186255429167],[241.55145059  35.59023505   1.        ],1,20,0.5926663702061137,0.1078324967695291,0.0130863342723435,79.63981990995497,34.817408704352175,0.3190323510509921,good,False,False,True,False,4.766953822579598,0.05355729905170831,49.0
PT1,0.961016122480933,3.365665635292562,0.0,0.0,,,[0.961016122480933],"[3.365665635292562, 1]",1,20,1.4659119857809206,0.3799428956952253,0.2390217265571392,134.8674337168584,2.6013006503251623,1.4432899320127057e-15,good,True,False,False,False,7.416015432475636,1.5525907668707328,49.0
PT1,0.5492385643447513,10.910917609999148,0.0,0.0,,,[0.5492385643447513],"[10.910917609999148, 1]",1,20,2.765807013090812,0.3185577756675335,0.9827933136552148,30.61530765382691,6.703351675837919,0.0156521074658967,good,True,False,False,False,7.461665160210871,1.805257981196017,49.0
PT1+Td,2.2659889363080765,42.89802918575532,0.0,0.3439233623244245,,,[2.2659889363080765],"[42.89802918575532, 1]",1,20,1.8306297046785975,0.399623452097603,0.3839228380764872,18.609304652326163,5.9029514757378685,0.3082841863881593,good,False,True,False,False,6.802511303671149,3.2305349873788645,49.0
PT1,1.7635089799715922,45.000084080234345,0.0,0.0,,,[1.7635089799715922],"[45.000084080234345, 1]",1,20,0.8718732598534558,0.3549441119439148,0.9303494547837828,25.31265632816408,9.104552276138069,0.4652445689416282,good,True,False,False,False,8.288461409148761,2.646227464394775,49.0
PT1+Td,2.950069853367217,11.941198173834064,0.0,0.6277649469662478,,,[2.950069853367217],"[11.941198173834065, 1]",1,20,0.6375841243921472,0.6808209969781006,0.9829882709538188,7.903951975987994,2.6013006503251623,0.357433200590156,good,False,True,False,False,8.761962617701627,15.950391571710343,49.0
PT1+Td,2.5168920469987937,11.224730048362357,0.0,3.6807580812722898,,,[2.5168920469987937],"[11.224730048362357, 1]",1,20,1.618928824302895,0.6062102111033015,0.0895299293844582,7.003501750875437,2.0010005002501248,0.1774252062777902,good,False,True,False,False,6.577511152768248,-0.09763053344098138,49.0
PT1,0.8697872129129748,38.69583939453634,0.0,0.0,,,[0.8697872129129748],"[38.69583939453634, 1]",1,20,1.9700652655205484,0.5041758801088629,0.5497678997459072,27.113556778389192,9.404702351175589,0.3655576095236514,good,True,False,False,False,8.098942371828127,2.1708595730688907,49.0
PT1,2.9312653606522168,15.66682883167686,0.0,0.0,,,[2.9312653606522168],"[15.66682883167686, 1]",1,20,2.0507469255156874,0.5248229688085209,0.8062185844834052,8.504252126063031,2.101050525262631,0.1421582811186533,good,True,False,False,False,8.550208859315477,5.9975568361099025,49.0
PT1+Td,0.9427060405767196,20.32596875048045,0.0,2.5299145603376574,,,[0.9427060405767197],"[20.32596875048045, 1]",1,20,1.298979423878336,0.4057003862314228,0.9015540377354884,21.810905452726363,7.603801900950475,0.2793108516396919,good,False,True,False,False,7.629227553756325,2.6160434620414295,49.0
PT1,0.7414673224803404,18.869921935865765,0.0,0.0,,,[0.7414673224803404],"[18.869921935865765, 1]",1,20,0.7659762703402648,0.1984687293300348,0.2204628419898119,36.01800900450225,13.30665332666333,0.1999364894251887,good,True,False,False,False,7.347230948609238,0.9243576503584209,49.0
PT2,1.45840227341765,14.645323327037657,23.101093539883934,0.0,,,[1.45840227341765],[338.3229841   37.74641687   1.        ],1,20,0.9885435539640054,0.0229050799551368,0.6295510176467503,68.9344672336168,27.113556778389192,0.0,good,False,False,True,False,5.506550461651799,0.1285012503606425,49.0
PT1+Td,1.2362597178531736,27.042419925343918,0.0,1.3561440720604925,,,[1.2362597178531736],"[27.042419925343914, 1]",1,20,0.8500075128774869,0.6290919909188349,0.7725996246619947,17.90895447723862,6.603301650825412,0.4882933730541597,good,False,True,False,False,6.5242833612753675,3.4333835629226526,49.0
PT1+Td,2.9039599831630087,28.453738411512884,0.0,2.9964936289171757,,,[2.9039599831630087],"[28.453738411512884, 1]",1,20,0.8002162538858588,0.2051313564272515,0.9644300877266648,20.310155077538766,6.503251625812906,0.2860289583255186,good,False,True,False,False,6.0341753777372125,2.514111675199774,49.0
PT2+Td,0.7797738847449336,8.233680274795248,44.37606762540203,2.2281643155194337,,,[0.7797738847449336],[365.37835268  52.6097479    1.        ],1,20,2.599504241610651,0.2047328211583391,0.2780845597067455,48.12406203101551,18.90945472736368,0.4474059310411792,good,False,False,False,True,6.682954973606042,0.42051655012548367,49.0
PT1+Td,1.314514948512131,36.90778039562117,0.0,4.3309571162785945,,,[1.314514948512131],"[36.907780395621174, 1]",1,20,2.4492986809645187,0.2638963269469285,0.9529960632022608,27.91395697848924,8.104052026013006,0.1782571501975425,good,False,True,False,False,7.602278594989461,2.0649777231671766,49.0
PT1+Td,0.7222457136419655,27.185311075925974,0.0,2.8749034560238207,,,[0.7222457136419655],"[27.185311075925974, 1]",1,20,2.6281511000712223,0.7843317287481214,0.6776977735868994,19.80990495247624,6.803401700850425,0.3245603787792071,good,False,True,False,False,6.787063722769285,2.729475042341211,49.0
PT1+Td,0.8492881556555466,21.45580439772347,0.0,0.3536531969064269,,,[0.8492881556555466],"[21.45580439772347, 1]",1,20,1.1111734690293282,0.2870190102185947,0.868193537337637,28.71435717858929,10.205102551275637,0.2493880866163545,good,False,True,False,False,7.8503505699757925,1.7344579304723435,49.0
PT1,1.4030105271272468,8.48267760491593,0.0,0.0,,,[1.4030105271272468],"[8.48267760491593, 1]",1,20,1.6922227128209817,0.8081777735060887,0.7277835163277406,8.004002001000499,2.40120060030015,0.1850794981900548,good,True,False,False,False,9.210440366976517,7.537067805086954,49.0
PT2,2.2215439730847035,48.81910012455528,45.01859578589346,0.0,,,[2.2215439730847035],[2.19776734e+03 9.38376959e+01 1.00000000e+00],1,20,2.26342327554073,0.0228839357759115,0.528925235236893,68.33416708354177,29.914957478739368,0.2402158562038764,good,False,False,True,False,5.315202556869119,0.09703446350540539,49.0
PT1+Td,0.6607776937453442,29.10084943307726,0.0,3.1736517189451927,,,[0.6607776937453442],"[29.10084943307726, 1]",1,20,2.782202380069889,0.9243883862883456,0.6469617302507686,19.80990495247624,6.903451725862931,0.3583709564485145,good,False,True,False,False,6.813142859799218,2.7977621335317346,49.0
PT1+Td,2.5537304160558456,46.66678338013998,0.0,2.346193056107969,,,[2.5537304160558456],"[46.66678338013998, 1]",1,20,1.7022109632941862,0.1740633248161889,0.141059158533769,26.41320660330165,7.603801900950475,0.1949207802450001,good,False,True,False,False,7.763630785064015,2.2891655635159034,49.0
PT2+Td,1.5279086365131072,16.49775662865642,41.16258340323336,1.3520006243981724,,,[1.5279086365131072],[679.09028319  57.66034003   1.        ],1,20,2.0235479420958216,0.165695463069721,0.0865764656161844,44.922461230615305,18.10905452726363,0.723927818991448,good,False,False,False,True,6.9298828289173215,0.5086618616373481,49.0
PT1,2.618285880762767,22.370512526082628,0.0,0.0,,,[2.618285880762767],"[22.370512526082628, 1]",1,20,2.2039771362351663,0.4765644148053459,0.4624950702247409,10.805402701350674,3.001500750375188,0.1761136744552686,good,True,False,False,False,6.5137491593929795,-2.6163386482206743,49.0
PT1,0.8058722269158215,42.75514620636834,0.0,0.0,,,[0.8058722269158215],"[42.75514620636834, 1]",1,20,0.7921191938842924,0.3682623132427753,0.174760145245141,36.51825912956478,14.10705352676338,0.4539832511507082,good,True,False,False,False,7.467762760437951,0.9442656830018628,49.0
PT2+Td,1.7723758370914178,1.4468344919998244,10.522457259395562,2.7135745289901565,,,[1.7723758370914178],[15.2242541  11.96929175  1.        ],1,20,2.409754220773173,0.4809324490870151,0.967404460493863,7.903951975987994,2.901450725362681,0.1875177776128002,good,False,False,False,True,4.729073471068352,1.946097273716009,49.0
PT1,1.2234532390533368,31.755227252492443,0.0,0.0,,,[1.2234532390533368],"[31.755227252492443, 1]",1,20,1.757662949029895,0.5444263000862085,0.7895653979713398,19.80990495247624,6.703351675837919,0.3529882316050284,good,True,False,False,False,7.939271818252964,3.448155607460467,49.0
PT1+Td,1.0578147052823377,26.28669418569133,0.0,4.703002476252372,,,[1.0578147052823377],"[26.28669418569133, 1]",1,20,1.16354913481117,0.4185305564832814,0.538044749058845,22.811405702851424,8.104052026013006,0.3580119936205492,good,False,True,False,False,7.643509635302793,2.631672279106208,49.0
PT1+Td,0.8072071749966843,23.84836049322146,0.0,4.404644986850142,,,[0.8072071749966843],"[23.84836049322146, 1]",1,20,2.2476620313655267,0.3209027521412337,0.1879563477077571,27.313656828414207,8.604302151075537,0.1676694397188654,good,False,True,False,False,7.597756339600515,1.9793359448655474,49.0
PT1+Td,1.417345056289751,13.67956508723854,0.0,0.486082570854604,,,[1.417345056289751],"[13.67956508723854, 1]",1,20,2.75022806940889,0.947879021770778,0.0235684176824689,8.204102051025512,2.501250625312656,0.1995136795663862,good,False,True,False,False,9.210440366976517,5.8913554277966345,49.0
PT1,1.121614748984732,42.12852890998651,0.0,0.0,,,[1.1216147489847321],"[42.12852890998651, 1]",1,20,0.93684219758661,0.0770623712030886,0.7674519021970797,67.83391695847924,22.71135567783892,0.1668052673403673,good,True,False,False,False,5.97871648463622,0.21705910993629238,49.0
PT1+Td,1.650257961936011,10.367231312691564,0.0,2.650856512247339,,,[1.650257961936011],"[10.367231312691564, 1]",1,20,1.0243135240862102,0.740377688839187,0.6315778736324061,8.704352176088044,3.001500750375188,0.2991199358319888,good,False,True,False,False,8.245244983582428,4.249029951731304,49.0
PT1+Td,1.6780110483446158,43.06995020176885,0.0,4.065812679818869,,,[1.6780110483446158],"[43.06995020176885, 1]",1,20,1.5145479756105669,0.4543435641426429,0.4149279146752594,21.31065532766383,7.303651825912956,0.3975336980852672,good,False,True,False,False,7.396399689143809,2.916359739920639,49.0
PT1+Td,1.3191822916000926,34.67593066358606,0.0,2.5152334478918905,,,[1.3191822916000926],"[34.67593066358606, 1]",1,20,0.7330167787839632,0.6958169379931619,0.2542317907941126,18.509254627313656,7.003501750875437,0.5829267632230699,good,False,True,False,False,6.941912923440447,3.5329313061053464,49.0
PT2,1.4800904662059398,43.758079604537095,5.024675367166441,0.0,,,[1.4800904662059398],[219.8701447   48.78275497   1.        ],1,20,2.627161552241851,0.0642098650575983,0.6486533161295244,36.21810905452726,13.406703351675835,0.0364348822179909,good,False,False,True,False,7.1552546861118556,0.792687944781967,49.0
PT1,1.736191574944129,12.380735256465044,0.0,0.0,,,[1.736191574944129],"[12.380735256465043, 1]",1,20,2.792625376728215,0.5608756029245493,0.6203846296051474,9.30465232616308,2.2011005502751373,0.0928305135802788,good,True,False,False,False,8.782431509274772,2.950953449498552,49.0
PT1+Td,1.0039683838424986,39.58326655601528,0.0,2.073018404231815,,,[1.0039683838424986],"[39.58326655601528, 1]",1,20,2.246642254373856,0.8352164167298277,0.9045263237517414,19.80990495247624,6.903451725862931,0.4237036937725835,good,False,True,False,False,7.501018972849804,3.2981436500200694,49.0
PT1+Td,0.9502155210247248,40.29150041664662,0.0,2.2445869055011918,,,[0.9502155210247247],"[40.29150041664662, 1]",1,20,0.8046434450820659,0.2461755615867398,0.5725338659025501,39.81990995497748,14.90745372686343,0.3936005135425522,good,False,True,False,False,7.310442153408294,0.854341040965431,49.0
PT1,0.8512676529573899,31.957310138422223,0.0,0.0,,,[0.8512676529573899],"[31.957310138422226, 1]",1,20,1.168990271211073,0.503587238141065,0.4078153687335727,25.81290645322661,9.504752376188094,0.4255073455114657,good,True,False,False,False,8.17415357270957,2.3212906357014753,49.0
PT2,1.3472979744022224,6.640703977156903,42.05198281581303,0.0,,,[1.3472979744022224],[279.25476953  48.69268679   1.        ],1,20,1.2001885175543532,0.0581103283816596,0.3911982599111659,62.53126563281641,23.31165582791396,0.1646601334360667,good,False,False,True,False,5.9150189600515555,0.19167823485217927,49.0
PT1+Td,0.98799396928223,43.13135118182039,0.0,3.1888900406546754,,,[0.9879939692822299],"[43.131351181820385, 1]",1,20,2.5118541629342825,0.6778823410569655,0.9954490343051536,22.811405702851424,7.803901950975487,0.3782588722999518,good,False,True,False,False,7.8807709088648945,2.9161701592004525,49.0
PT1,0.6444175982822407,11.137829173192657,0.0,0.0,,,[0.6444175982822407],"[11.137829173192657, 1]",1,20,0.8599187290092237,0.3160354132099273,0.1362188270773444,23.911955977988992,8.80440220110055,0.1636702571589536,good,True,False,False,False,7.8439751766988595,2.0474847980231736,49.0
PT1+Td,1.4111856260367968,20.08490638171736,0.0,3.275019451259593,,,[1.4111856260367968],"[20.08490638171736, 1]",1,20,2.790172735520886,0.909052473122704,0.8743238746658242,10.805402701350674,3.301650825412706,0.2462213019495879,good,False,True,False,False,8.465798400972863,0.5533955591416666,49.0
PT1+Td,1.5367655304354475,24.74505436152636,0.0,3.9443535035762753,,,[1.5367655304354475],"[24.745054361526357, 1]",1,20,2.3640871842774915,0.924335663344105,0.3943386661040566,11.405702851425712,3.701850925462731,0.3226415330634367,good,False,True,False,False,8.075964833465289,-0.7233562635827394,49.0
PT1+Td,0.7247104817758877,4.262948315943716,0.0,3.893613530157537,,,[0.7247104817758877],"[4.262948315943716, 1]",1,20,0.7660300230606807,0.8636942280474941,0.7105123321827357,8.80440220110055,3.301650825412706,0.1901814687062268,good,False,True,False,False,5.42210715164093,1.4495815180849863,49.0
PT1,0.8024892320312916,25.523448615606963,0.0,0.0,,,[0.8024892320312916],"[25.523448615606963, 1]",1,20,2.9948663205873225,0.2115759622964726,0.8323244352465187,35.81790895447724,9.104552276138069,0.0636783023784595,good,True,False,False,False,7.546362360899139,1.4072400414043957,49.0
PT1+Td,1.200562204493846,24.42973196869749,0.0,1.8573278381296248,,,[1.200562204493846],"[24.42973196869749, 1]",1,20,1.64417659115204,0.3659759419551848,0.7549844086050224,21.410705352676334,7.003501750875437,0.2476906850274214,good,False,True,False,False,7.505916898865813,2.668835703835585,49.0
PT1+Td,0.6320195194856131,37.680751925301465,0.0,4.971497227355308,,,[0.6320195194856131],"[37.680751925301465, 1]",1,20,1.5923141947742798,0.9429325196039506,0.921478196780488,23.911955977988992,8.904452226113056,0.5185835388956006,good,False,True,False,False,8.022942309313791,2.901975339120303,49.0
PT1,0.862824299748651,19.204660394750885,0.0,0.0,,,[0.862824299748651],"[19.204660394750885, 1]",1,20,1.9781625112939931,0.3073576423117853,0.5232780955363344,24.81240620310155,7.703851925962981,0.1439185175862146,good,True,False,False,False,7.820870379222209,2.2389344845484755,49.0
PT1,1.1000059506620263,45.41672248865766,0.0,0.0,,,[1.1000059506620263],"[45.41672248865766, 1]",1,20,2.201676669908673,0.2861560356999397,0.5151335406471619,33.31665832916458,10.705352676338167,0.2588003387680123,good,True,False,False,False,7.7329711411722934,1.4358789109650925,49.0
PT2,2.655319882476931,3.823775577854353,4.491871461312934,0.0,,,[2.655319882476931],[17.17590839  8.31564704  1.        ],1,20,2.617639270673824,0.0379518957709957,0.1407668728481675,4.902451225612806,2.301150575287644,0.1597715164130113,good,False,False,True,False,8.314090206066906,-2.97532436758716,49.0
PT1,1.7519475039585166,38.83954485421314,0.0,0.0,,,[1.7519475039585166],"[38.83954485421314, 1]",1,20,2.746881914311378,0.3838990853724376,0.2280640034522564,19.50975487743872,5.702851425712856,0.2089075613939565,good,True,False,False,False,6.933425777298263,2.8975719866057528,49.0
PT1,0.6483094368428312,47.2022311325437,0.0,0.0,,,[0.6483094368428312],"[47.2022311325437, 1]",1,20,1.708750545939946,0.3691705424941782,0.0305892430455315,41.42071035517758,14.90745372686343,0.3849374362694394,good,True,False,False,False,7.1807532448239755,0.7171429918221159,49.0
PT1,2.170165299684774,12.57981931526864,0.0,0.0,,,[2.170165299684774],"[12.57981931526864, 1]",1,20,0.9458657071953096,0.48905886540729,0.5425864770913467,10.105052526263131,3.301650825412706,0.2711406977398674,good,True,False,False,False,7.4095480727566665,-4.094766715133322,49.0
PT2,2.261229943933872,32.3868529863149,7.504454976101202,0.0,,,[2.2612299439338717],[243.04568005  39.89130796   1.        ],1,20,0.7439586282005296,0.0622098968092492,0.1867830021911517,44.02201100550275,17.6088044022011,0.3455445637774603,good,False,False,True,False,6.790746866202633,0.4638491220432951,49.0
PT2+Td,0.6421994773530716,16.22192878196418,23.891820390306886,3.2326245568033114,,,[0.6421994773530716],[387.57140884  40.11374917   1.        ],1,20,2.747851944296024,0.0844784913339838,0.8332941810631586,54.92746373186593,23.511755877938967,0.0868628439504723,good,False,False,False,True,6.102897706448204,0.24517247588843763,49.0
PT2+Td,2.1640507451698685,38.0356905416509,8.468437402802167,4.112734284295279,,,[2.1640507451698685],[322.10286442  46.50412794   1.        ],1,20,2.3405537723450114,0.1983905330007718,0.4303717905691605,26.41320660330165,10.505252626313156,0.5405236351428442,good,False,False,False,True,8.093642341853188,2.318249801862777,49.0
PT2,1.867663624837528,23.30654981088763,36.85326656297777,0.0,,,[1.8676636248375282],[858.92249284  60.15981637   1.        ],1,20,1.7940353815463217,0.0168204597918718,0.3972487213726676,53.726863431715856,24.212106053026517,0.091357323555172,good,False,False,True,False,5.890420798088255,0.18539769093942846,49.0
PT1,1.8711270405685951,34.51948554353553,0.0,0.0,,,[1.8711270405685951],"[34.51948554353553, 1]",1,20,1.1068077873253783,0.2271255058467112,0.5168972426788058,25.712856428214103,8.504252126063031,0.2955163466629466,good,True,False,False,False,8.093057005409888,2.4021315126405445,49.0
PT2+Td,2.187857132771615,7.742183029318001,6.283569111784149,3.017129689361978,,,[2.187857132771615],[48.64854214 14.02575214  1.        ],1,20,2.6836716564858434,0.3613670756973754,0.0465133122643315,9.204602301150574,3.8019009504752375,0.4868997964206373,good,False,False,False,True,9.210440366976517,1.9913988945852341,49.0
PT1+Td,2.8188417126663268,22.64932305043839,0.0,1.4034852403901714,,,[2.8188417126663268],"[22.64932305043839, 1]",1,20,1.5502771573640364,0.6243221641621021,0.6834750393513814,10.005002501250624,3.1015507753876936,0.2896682358982078,good,False,True,False,False,9.210440366976517,0.05240222699492067,49.0
PT1,2.963791702118684,32.65179075743619,0.0,0.0,,,[2.9637917021186837],"[32.65179075743619, 1]",1,20,1.2303968784107098,0.19159604207029,0.9731425709046772,21.010505252626317,6.103051525762881,0.2073462242270337,good,True,False,False,False,7.457641437613431,2.8763390251415113,49.0
PT1,1.285984656473726,9.15417423299042,0.0,0.0,,,[1.285984656473726],"[9.15417423299042, 1]",1,20,2.427929636109233,0.4165651394762654,0.6253667879613097,12.206103051525762,2.7013506753376686,0.0444652503944731,good,True,False,False,False,6.025836729883697,-0.2562438635965463,49.0
PT2,2.2446977569022897,27.152854425373203,22.75343252834171,0.0,,,[2.2446977569022897],[617.82064112  49.90628695   1.        ],1,20,2.8219514690781047,0.0397160927740762,0.4698897269779928,31.815907953976986,13.806903451725862,0.2690914729608174,good,False,False,True,False,7.390368191169206,0.9347544399750941,49.0
PT1+Td,2.640245466519169,29.71925954106418,0.0,0.3467999841919445,,,[2.6402454665191692],"[29.71925954106418, 1]",1,20,1.844369824149564,0.1373892710516256,0.2926013636370691,22.811405702851424,5.402701350675337,0.0796080542961582,good,False,True,False,False,6.7187847485213075,2.202732983667138,49.0
PT1,1.6701344665520264,48.33729367851688,0.0,0.0,,,[1.6701344665520264],"[48.33729367851688, 1]",1,20,2.0153100474003978,0.4861714856637353,0.6642157779774374,21.51075537768884,7.103551775887944,0.3605993596046683,good,True,False,False,False,8.181016428178774,3.37365599153988,49.0
PT1,2.6978505624831857,8.754585499265179,0.0,0.0,,,[2.6978505624831857],"[8.754585499265179, 1]",1,20,0.7356750539788885,0.4265078585543733,0.074126479303525,7.803901950975487,2.6013006503251623,0.2367252644433289,good,True,False,False,False,9.210440366976517,8.642865235687749,49.0
PT1,0.552144331809669,30.791390753996296,0.0,0.0,,,[0.552144331809669],"[30.791390753996296, 1]",1,20,1.822035813098288,0.8503834579813228,0.3682724779147627,24.11205602801401,8.904452226113056,0.438084144150829,good,True,False,False,False,8.253468763865044,2.659524328430434,49.0
PT1+Td,2.379453811134584,25.50666713479221,0.0,0.8216837853465672,,,[2.3794538111345838],"[25.506667134792206, 1]",1,20,2.189358485038353,0.6447320191469978,0.8970181615126265,11.005502751375689,3.2016008004002,0.2463707559787979,good,False,True,False,False,6.120041915820825,-2.846426541555867,49.0
PT1,1.2204815375939804,43.50024501424773,0.0,0.0,,,[1.2204815375939804],"[43.500245014247724, 1]",1,20,1.4275816687921925,0.6880512155142877,0.5273614485945517,21.110555277638817,7.603801900950475,0.4965460921947753,good,True,False,False,False,8.380204987749037,3.645220424047497,49.0
PT1,1.0193525150566236,37.707785366905455,0.0,0.0,,,[1.0193525150566236],"[37.707785366905455, 1]",1,20,2.044789499455554,0.3100447280121979,0.5639245428437605,30.815407703851925,10.105052526263131,0.2578080322490689,good,True,False,False,False,7.845970134295267,1.6650275185077676,49.0
PT2,1.6049094011921643,36.12564100283026,6.762400983405233,0.0,,,[1.6049094011921643],[244.29607024  42.88804199   1.        ],1,20,1.004999588290516,0.1105576981424208,0.4742689313278577,43.2216108054027,17.208604302151073,0.4466633195378121,good,False,False,True,False,6.897456779007235,0.509319161567577,49.0
PT1+Td,1.191469085268594,32.224950594807126,0.0,0.6240030225422524,,,[1.191469085268594],"[32.224950594807126, 1]",1,20,1.344144775634845,0.5442739150091932,0.3412187774747482,20.51025512756378,7.303651825912956,0.4168896928821953,good,False,True,False,False,8.104608684033376,3.4136036340584326,49.0
PT1,2.938236936919141,48.54220206511855,0.0,0.0,,,[2.938236936919141],"[48.54220206511855, 1]",1,20,0.512704367049923,0.315832685593686,0.7410895965103164,21.910955477738867,7.903951975987994,0.5473031745499989,good,True,False,False,False,8.4530961229371,3.626095134566893,49.0
PT2+Td,2.988231842311958,41.92869363612604,39.611477484662025,3.3070588914482952,,,[2.988231842311958],[1.66085750e+03 8.15401711e+01 1.00000000e+00],1,20,1.5892257117314998,0.015012275019054,0.1466384016735294,61.130565282641314,26.91345672836418,0.2157941843312815,good,False,False,False,True,5.769832440787779,0.16515657270798276,49.0
PT2+Td,2.194389540948704,1.577812239335303,36.64223514575805,3.317056989227662,,,[2.1943895409487038],[57.81456709 38.22004739  1.        ],1,20,2.840369189531952,0.1612856335236378,0.2429200532895376,19.409704852426213,6.003001500750375,0.09599707277055,good,False,False,False,True,2.6205504024980297,1.856814233883707,49.0
PT1+Td,2.8096532402552667,38.03774829336002,0.0,0.90019882169474,,,[2.8096532402552667],"[38.03774829336002, 1]",1,20,0.8003536152296143,0.0465050565287079,0.4777545441861928,49.32466233116558,13.506753376688344,0.0935065061180173,good,False,True,False,False,7.028946542001883,0.7190923398577124,49.0
PT1+Td,0.8839933568571743,45.186195615271984,0.0,3.9661560945797096,,,[0.8839933568571743],"[45.186195615271984, 1]",1,20,1.5772512698131698,0.9114867431309146,0.2426216431654588,22.211105552776388,8.104052026013006,0.5465365538692173,good,False,True,False,False,8.00642815579147,3.258431265597081,49.0
PT1,2.09201981307666,49.89237937660215,0.0,0.0,,,[2.09201981307666],"[49.89237937660215, 1]",1,20,0.9583653007156676,0.3415366164838347,0.4013410775342942,24.312156078039017,8.604302151075537,0.4618415844421187,good,True,False,False,False,8.33166061876327,2.878532066379089,49.0
PT1,1.5056393593110358,35.43544547461653,0.0,0.0,,,[1.5056393593110358],"[35.43544547461653, 1]",1,20,0.8716876677505648,0.2950275906313327,0.7336219878130401,26.61330665332666,9.504752376188094,0.3979160571028453,good,True,False,False,False,8.141523158538423,2.2552793508425335,49.0
PT2,0.5646195597844981,43.34095787198809,9.391803089889132,0.0,,,[0.5646195597844981],[407.04974206  52.73276096   1.        ],1,20,2.4353496189053736,0.0682215240770678,0.10912640519464,94.84742371185592,33.01650825412706,0.0396323955372375,good,False,False,True,False,4.858644275686016,0.06405570971747569,49.0
PT1+Td,0.6064351153380511,34.20778885012468,0.0,1.9149002093598648,,,[0.6064351153380511],"[34.20778885012468, 1]",1,20,1.3323364493497851,0.5541241154147892,0.2479641404173082,30.315157578789396,11.305652826413208,0.4382277893861657,good,False,True,False,False,7.894347905536605,1.6791780963760632,49.0
PT1,2.0820555578892472,48.929656695955885,0.0,0.0,,,[2.0820555578892472],"[48.929656695955885, 1]",1,20,0.5146736747435907,0.7525887689892057,0.0176695386702535,16.908454227113555,6.4032016008004,0.6788578122017351,good,True,False,False,False,7.534443069136633,4.814229535110975,49.0
PT1,1.7342012516280187,20.151001853973256,0.0,0.0,,,[1.7342012516280187],"[20.151001853973256, 1]",1,20,2.0547457215421217,0.9833065317100206,0.2160115035279677,9.404702351175589,3.1015507753876936,0.3244733090115343,good,True,False,False,False,9.210440366976517,-4.235942542416079,49.0
PT1,1.6644498751003216,17.324076030312543,0.0,0.0,,,[1.6644498751003216],"[17.324076030312543, 1]",1,20,1.0284026179043315,0.2463376461814148,0.6702957284385196,19.2096048024012,6.103051525762881,0.1990882829633336,good,True,False,False,False,6.999599172905013,2.7328700146335003,49.0
PT1,2.5854141162762345,15.118177360301226,0.0,0.0,,,[2.5854141162762345],"[15.118177360301226, 1]",1,20,2.301773271667984,0.4848552447325974,0.7425069334064086,9.004502251125562,2.2011005502751373,0.1145077295305005,good,True,False,False,False,8.911668354989873,4.120933282784887,49.0
PT1,1.11401956035521,6.599254905354951,0.0,0.0,,,[1.11401956035521],"[6.599254905354951, 1]",1,20,1.5447554371003829,0.51014395083604,0.2295593663851177,10.205102551275637,3.001500750375188,0.0915877844625077,good,True,False,False,False,7.738314093169809,-0.5065926376147964,49.0
PT1,2.543128150109505,17.74104427092616,0.0,0.0,,,[2.5431281501095055],"[17.74104427092616, 1]",1,20,0.8464643448625326,0.1529908751114852,0.5176232470455715,19.609804902451224,5.802901450725362,0.1518442655536295,good,True,False,False,False,6.572260155501089,2.5112804672689117,49.0
PT1+Td,1.9845819723510636,19.366155296523168,0.0,1.3594300101246886,,,[1.9845819723510634],"[19.366155296523168, 1]",1,20,2.86433142359864,0.6208666951484788,0.4421747418704813,10.005002501250624,2.7013506753376686,0.1573900589496601,good,False,True,False,False,8.681429092346063,1.2431588013185322,49.0
PT2+Td,1.6161407553126392,14.886846960915944,8.463096463072997,4.913768161134455,,,[1.6161407553126392],[125.98882186  23.34994342   1.        ],1,20,1.503767936374074,0.0537611082382874,0.7112129292815742,26.11305652826413,11.50575287643822,0.0271078932884908,good,False,False,False,True,7.337273232352118,1.3286407620978986,49.0
PT1,2.192329992198504,40.66026478140913,0.0,0.0,,,[2.1923299921985038],"[40.66026478140913, 1]",1,20,2.8482052985401007,0.0938207060172193,0.6754839658372761,36.118059029514754,6.3031515757878935,0.0217851594509434,good,True,False,False,False,7.49424102739805,1.7578005717762883,49.0
PT1,1.7104383817234,49.2121653243888,0.0,0.0,,,[1.7104383817234],"[49.2121653243888, 1]",1,20,1.6936342662902455,0.2169229228440087,0.3315984991057406,31.515757878939468,10.005002501250624,0.2628909982321338,good,True,False,False,False,7.849033199251229,1.6619657328581425,49.0
PT1+Td,2.284763850750267,47.18887578014975,0.0,3.843642003158799,,,[2.284763850750267],"[47.18887578014975, 1]",1,20,2.041344733588692,0.2980932127109919,0.6149895407734728,22.01100550275137,6.603301650825412,0.2472217973262979,good,False,True,False,False,6.8492744529997,2.4444460891609503,49.0
PT1,1.2829210043571468,12.676700128637323,0.0,0.0,,,[1.2829210043571468],"[12.676700128637325, 1]",1,20,1.1618664665883305,0.963491108646044,0.8428090481382952,9.704852426213106,3.4017008504252124,0.3627842794417466,good,True,False,False,False,8.542545069636036,-5.7006857304441185,49.0
PT1,1.2981395304247667,10.912566037159165,0.0,0.0,,,[1.2981395304247667],"[10.912566037159165, 1]",1,20,1.366069083087215,0.8473477278767344,0.7491939185119456,9.404702351175589,3.1015507753876936,0.282158726557782,good,True,False,False,False,9.210440366976517,-2.136644360715782,49.0
PT1+Td,1.892342521288794,24.66329951515049,0.0,1.275336594551677,,,[1.892342521288794],"[24.663299515150495, 1]",1,20,2.358011244141593,0.9326720029103186,0.0547388372080151,9.90495247623812,3.2016008004002,0.312431645304816,good,False,True,False,False,9.196843244877378,-1.4808115891872378,49.0
PT1,1.1600945923128665,41.65432044584983,0.0,0.0,,,[1.1600945923128665],"[41.65432044584983, 1]",1,20,0.6351976635233876,0.9212487818425646,0.0487063122540077,19.009504752376188,7.20360180090045,0.6904415855309675,good,True,False,False,False,8.420112645767725,4.455424860411321,49.0
PT1,1.239076415618968,49.23542513966932,0.0,0.0,,,[1.239076415618968],"[49.23542513966932, 1]",1,20,2.502282466832868,0.8779085904440136,0.5519567948688723,19.009504752376188,6.503251625812906,0.4357971645822272,good,True,False,False,False,7.975396439061303,3.9196964574770266,49.0
PT1+Td,0.8352494247550233,21.477350057026943,0.0,2.776818250555132,,,[0.8352494247550233],"[21.477350057026946, 1]",1,20,2.5263753577800085,0.4053466055487181,0.3617411714172128,22.31115557778889,6.903451725862931,0.1676118598803033,good,False,True,False,False,7.195843011378068,2.2744502649632063,49.0
PT1+Td,1.3951168772331928,37.537468759559225,0.0,3.2505080821434964,,,[1.3951168772331928],"[37.537468759559225, 1]",1,20,2.36539224721264,0.2489520018119708,0.2710522075968088,27.613806903451724,8.104052026013006,0.1779616345378071,good,False,True,False,False,7.69184828539488,2.100545943892424,49.0
PT1,1.2727865208814209,46.22831888034189,0.0,0.0,,,[1.2727865208814209],"[46.22831888034189, 1]",1,20,1.445073047022365,0.8550098225827297,0.088630134585646,19.10955477738869,6.903451725862931,0.5448587243629573,good,True,False,False,False,8.259336235303236,4.2042622345807565,49.0
PT1,0.72913932530614,34.98804508900362,0.0,0.0,,,[0.72913932530614],"[34.98804508900362, 1]",1,20,0.8027954329159479,0.8576695628007971,0.2008105481118059,22.811405702851424,8.704352176088044,0.593046166791072,good,True,False,False,False,8.425283388109056,3.1359312797777172,49.0
PT1,1.0933920068725933,42.60632239942875,0.0,0.0,,,[1.0933920068725933],"[42.60632239942875, 1]",1,20,1.9912601346790688,0.7720007126719891,0.2405441146642455,20.410205102551277,7.20360180090045,0.4503273758257149,good,True,False,False,False,8.272745992675915,3.701677041639424,49.0
PT2,0.7869897266575769,3.027332038114446,18.493624933347814,0.0,,,[0.7869897266575769],[55.98634326 21.52095697  1.        ],1,20,2.1442254220276,0.1551910805565914,0.3324551761858174,32.91645822911455,11.105552776388194,0.057406659397142,good,False,False,True,False,7.433416527765279,1.1235625426297502,49.0
PT2+Td,2.6409447579583545,48.85726087739256,27.913041989355055,2.661778015300119,,,[2.6409447579583545],[1.36375477e+03 7.67703029e+01 1.00000000e+00],1,20,1.7270994065538594,0.063900701361307,0.92732773403161,55.027513756878434,21.810905452726363,0.5915158679684461,good,False,False,False,True,6.341806832372984,0.2864265785867121,49.0
PT1+Td,2.128853629409043,33.08568402966861,0.0,2.868259663176752,,,[2.128853629409043],"[33.08568402966861, 1]",1,20,1.1102361832818275,0.1564333110255917,0.1447986164502382,27.513756878439217,8.704352176088044,0.2183917448643705,good,False,True,False,False,7.8063605870534705,2.101130142694644,49.0
PT1+Td,0.8750756940518402,25.27446318678597,0.0,2.0411423386473926,,,[0.8750756940518402],"[25.27446318678597, 1]",1,20,0.6868482741320223,0.6951158061683286,0.2438545334636165,19.70985492746373,7.503751875937969,0.5234980971422011,good,False,True,False,False,7.860932693083379,3.433052586262667,49.0
PT1,2.033867719399053,44.24073676951438,0.0,0.0,,,[2.033867719399053],"[44.24073676951438, 1]",1,20,2.021813915972181,0.4981716002907976,0.0866534343193278,17.808904452226113,5.802901450725362,0.3380328208513165,good,True,False,False,False,6.49690486513898,3.4311256111156565,49.0
PT1+Td,0.7657240259885829,44.520884475105454,0.0,1.5595198556805,,,[0.7657240259885829],"[44.520884475105454, 1]",1,20,2.9433306594725908,0.4413498964358524,0.9388207843842769,32.21610805402701,10.605302651325662,0.2827595942756961,good,False,True,False,False,7.791913154446075,1.6034918959562516,49.0
PT1+Td,2.17327403555309,7.046989722354949,0.0,4.278872397582161,,,[2.17327403555309],"[7.046989722354949, 1]",1,20,0.7792426310685272,0.5722074948680567,0.0678943544282723,6.803401700850425,2.301150575287644,0.2431427165499833,good,False,True,False,False,7.63725459257632,0.0923589863457388,49.0
PT1,1.7997109499478574,21.52107050672217,0.0,0.0,,,[1.7997109499478574],"[21.521070506722175, 1]",1,20,1.8009798499304162,0.9420389549003276,0.4018861830156912,9.90495247623812,3.301650825412706,0.3546038331939625,good,True,False,False,False,6.71185124617429,-6.793099240649737,49.0
PT2,1.9874175834265464,24.15188012557311,34.50581647001532,0.0,,,[1.9874175834265466],[833.38034302  58.6576966    1.        ],1,20,2.8002101799231194,0.0555129768477944,0.1091966554134513,39.91995997998999,17.10855427713857,0.3241731759208222,good,False,False,True,False,6.932373407641107,0.5387796570338524,49.0
PT2,0.5803144270472169,2.7158594247365846,28.20076070464376,0.0,,,[0.5803144270472169],[76.58930174 30.91662013  1.        ],1,20,2.957742257731758,0.270744700907328,0.9161955413604672,36.61830915457729,13.006503251625812,0.1834797036840608,good,False,False,True,False,7.335061044513063,0.9117008895349024,49.0
PT2,1.542882486998919,38.81119685315014,8.673810428832184,0.0,,,[1.542882486998919],[336.64096402  47.48500728   1.        ],1,20,1.436411284966012,0.1052697768291396,0.0594216712352664,43.72186093046523,17.508754377188595,0.4045093287539724,good,False,False,True,False,6.826013677215534,0.47454899089999464,49.0
PT1+Td,2.7113303549464494,35.39574457357947,0.0,3.906489928724165,,,[2.7113303549464494],"[35.39574457357947, 1]",1,20,2.6672876393491687,0.9373372765253036,0.8758137137672425,10.005002501250624,3.001500750375188,0.2990495012921093,good,False,True,False,False,8.674960936908137,2.6902365255806764,49.0
PT1,0.7697889352780242,27.64593244720868,0.0,0.0,,,[0.7697889352780242],"[27.64593244720868, 1]",1,20,0.857425639530432,0.1352826602411704,0.2054714355092348,51.325662831415706,18.609304652326163,0.1867798288958148,good,True,False,False,False,6.547498509848853,0.38445597086227046,49.0
PT1+Td,2.4277982715944355,15.455325950919436,0.0,3.026711844842427,,,[2.4277982715944355],"[15.455325950919436, 1]",1,20,2.965416004818972,0.7577593894266875,0.5723693081479625,7.20360180090045,1.8009004502251125,0.1333386082020088,good,False,True,False,False,5.662937922611113,-0.10414738235911503,49.0
PT1+Td,1.9992473659989,42.538228037790574,0.0,3.1331104004975088,,,[1.9992473659989],"[42.538228037790574, 1]",1,20,2.539480037972693,0.1925246484603104,0.4701954153507085,26.41320660330165,6.803401700850425,0.1276007029915755,good,False,True,False,False,7.3690156320424505,2.1088149019678557,49.0
PT1+Td,1.5856571789366851,43.86097322488629,0.0,4.876450142819618,,,[1.5856571789366853],"[43.860973224886294, 1]",1,20,1.2279256097221265,0.126551424115164,0.9602720955635056,42.42121060530265,13.506753376688344,0.2163748743094097,good,False,True,False,False,7.306346479799018,0.9862693742265501,49.0
PT1+Td,2.344889612560828,12.681279727090708,0.0,2.6145674198497995,,,[2.344889612560828],"[12.681279727090708, 1]",1,20,0.5152595456432911,0.4619496660400987,0.6130633833568423,10.605302651325662,3.8019009504752375,0.3715483307040917,good,False,True,False,False,8.702932367815324,-1.1748951134598813,49.0
PT1,1.635393394813403,33.65935564959461,0.0,0.0,,,[1.635393394813403],"[33.65935564959461, 1]",1,20,1.1564304140250208,0.6135195171606105,0.5514453125674591,17.008504252126063,6.003001500750375,0.4634058555985857,good,True,False,False,False,5.779941750697976,3.78618539410044,49.0
PT2,1.087064766741772,22.49045576640145,11.52982765060027,0.0,,,[1.0870647667417719],[259.31107877  34.02028342   1.        ],1,20,2.2145618869332138,0.1782379857998963,0.7965425671209198,34.017008504252125,13.906953476738368,0.4280688736200777,good,False,False,True,False,7.463597972162318,0.9540861427275676,49.0
PT2+Td,2.018192556714202,6.6625872399428925,44.57353719813018,4.900269330513279,,,[2.018192556714202],[296.97508018  51.23612444   1.        ],1,20,1.9649343741647305,0.0385736895135751,0.1367893683505765,35.91795897948974,14.807403701850925,0.0424771948889422,good,False,False,False,True,7.107957708589054,0.8249019942591614,49.0
PT2,0.894979459520432,10.074785386069813,32.99552891016229,0.0,,,[0.894979459520432],[332.42287247  43.0703143    1.        ],1,20,2.2594390141772567,0.1774334209399896,0.8725917006505761,43.52176088044022,17.6088044022011,0.4225540224738459,good,False,False,True,False,6.839090849714875,0.47940381470192595,49.0
PT1,0.7438818287380756,41.16343505723454,0.0,0.0,,,[0.7438818287380756],"[41.16343505723454, 1]",1,20,1.5552333761681054,0.0674353858547674,0.769681473834846,96.54827413706852,27.613806903451724,0.0541092036801666,good,True,False,False,False,5.361593837580883,0.11883421259729979,49.0
PT1+Td,1.2236223782351845,25.716808481107183,0.0,2.155639873542122,,,[1.2236223782351845],"[25.716808481107186, 1]",1,20,0.8622694236869182,0.4249333429193044,0.5778486148278212,21.110555277638817,7.703851925962981,0.4094938085792894,good,False,True,False,False,7.894841958626761,3.0690067797174474,49.0
PT1,2.946076652183616,30.554972160334003,0.0,0.0,,,[2.946076652183616],"[30.554972160334003, 1]",1,20,1.1717888205676028,0.990128940774492,0.3774857150451071,9.30465232616308,3.301650825412706,0.4879688920859526,good,True,False,False,False,9.210440366976517,-9.604431297721801,49.0
PT1,1.4431622785938916,31.87835218508033,0.0,0.0,,,[1.4431622785938916],"[31.878352185080335, 1]",1,20,0.7456917615578038,0.6770062683693553,0.9581477754394648,17.508754377188595,6.503251625812906,0.54285953766613,good,True,False,False,False,7.507520894493709,4.1798868520212915,49.0
PT2+Td,1.6839473807677503,36.77128426529871,3.3829705402766237,0.6853207019663519,,,[1.6839473807677503],[124.3961714   40.15425481   1.        ],1,20,2.346861661376609,0.6358834902681075,0.7403061944323942,18.10905452726363,7.20360180090045,0.6802579614165126,good,False,False,False,True,8.103993534478995,4.492575827370932,49.0
PT2,2.784668758468392,49.84637478876429,1.968766259497864,0.0,,,[2.7846687584683916],[98.13586084 51.81514105  1.        ],1,20,2.3284920381753595,0.1464735478791096,0.2427706799063316,22.71135567783892,7.303651825912956,0.165938786158088,good,False,False,True,False,7.90684260081864,2.477226360105352,49.0
PT1+Td,0.5420746808730638,21.218777297044745,0.0,4.679205205281663,,,[0.5420746808730638],"[21.218777297044742, 1]",1,20,0.9853626113154924,0.8755575370069192,0.9643218922097548,20.71035517758879,7.903951975987994,0.4555090446006146,good,False,True,False,False,7.351824545018431,2.8364008431107015,49.0
PT2,0.5044289005582587,16.220666919375397,46.86912749456083,0.0,,,[0.5044289005582587],[760.24850589  63.08979441   1.        ],1,20,0.8919975970571499,0.0718134135984835,0.9188489447455178,126.86343171585791,54.82741370685342,0.3023360613596558,good,False,False,True,False,3.2592513693369978,0.01126229950062567,49.0
PT1+Td,1.1831053637554914,24.177528604784307,0.0,2.369130469395523,,,[1.1831053637554914],"[24.177528604784307, 1]",1,20,0.7039167686478749,0.4659423069164432,0.433250148517345,20.11005502751376,7.503751875937969,0.4481271053013803,good,False,True,False,False,7.721130418166234,3.1782909063725824,49.0
PT2,1.64207420576069,22.526506662722365,11.483479287147707,0.0,,,[1.6420742057606899],[258.68267267  34.00998595   1.        ],1,20,2.9078037351898445,0.286174624988589,0.6362700382199983,23.11155577788894,9.30465232616308,0.6192480717603791,good,False,False,True,False,8.386516201122335,2.8934482826756844,49.0
PT2,1.1199827227880326,14.249452091281835,14.687083719353058,0.0,,,[1.1199827227880326],[209.28289582  28.93653581   1.        ],1,20,1.0767281767226038,0.0362946155256344,0.2334685861859336,63.33166583291646,23.611805902951478,0.0,good,False,False,True,False,5.827717349262322,0.18110766247352547,49.0
PT1,2.750891470184513,49.13543641558212,0.0,0.0,,,[2.750891470184513],"[49.13543641558212, 1]",1,20,2.96385615035735,0.0607456974088859,0.8265048274070702,59.529764882441214,6.103051525762881,0.0004975532597428,good,True,False,False,False,7.408379274293267,1.3734483917802038,49.0
PT1+Td,1.324664581245,49.96125882308817,0.0,4.775784849788749,,,[1.324664581245],"[49.96125882308817, 1]",1,20,0.8884502691301053,0.6429162688415687,0.4024812151095172,23.01150575287644,8.504252126063031,0.6114687182021542,good,False,True,False,False,8.072694912570114,3.2407608704863136,49.0
PT1,2.214305052883054,15.532969338707284,0.0,0.0,,,[2.214305052883054],"[15.532969338707284, 1]",1,20,2.443701603860841,0.3103136646690407,0.4805445181911439,12.106053026513257,2.6013006503251623,0.062596751286873,good,True,False,False,False,6.680733470030751,-0.41099595129425953,49.0
PT1,2.1156296619506723,33.015894378214995,0.0,0.0,,,[2.1156296619506723],"[33.015894378214995, 1]",1,20,0.8808777862887724,0.0474964913309399,0.2061072191545603,55.22761380690345,14.707353676838418,0.0615280974717241,good,True,False,False,False,6.788558423340664,0.5450656564542681,49.0
PT2+Td,2.433871855336995,4.413152558778089,7.669285405035108,0.653308992715863,,,[2.433871855336995],[33.84572651 12.08243796  1.        ],1,20,1.5668719344434872,0.4110214909182935,0.4689269305417142,9.30465232616308,3.8019009504752375,0.5335163683380253,good,False,False,False,True,8.812945413958257,-5.57131907627935,49.0
PT1+Td,0.7771058080342714,38.33315291526058,0.0,3.313128332651555,,,[0.7771058080342714],"[38.33315291526058, 1]",1,20,1.0210493766715412,0.3736543974604364,0.3502037143735881,34.61730865432716,13.006503251625812,0.4192507845067857,good,False,True,False,False,7.655520360328215,1.2844983611383043,49.0
PT2,1.6343220914084569,10.909492585989993,49.34832628294408,0.0,,,[1.6343220914084569],[538.36519971  60.25781887   1.        ],1,20,1.8414342989507877,0.0421115032765303,0.3550484793645912,52.926463231615806,21.710855427713856,0.1135025411408188,good,False,False,True,False,6.167908897119009,0.24985635388279745,49.0
PT2,0.7276369890974836,15.936507476084936,4.67861649425469,0.0,,,[0.7276369890974836],[74.56080674 20.61512397  1.        ],1,20,2.0959948638197243,0.6118565952843638,0.1904750858337113,20.610305152576288,8.404202101050524,0.6777682722226701,good,False,False,True,False,8.393685636805706,3.4116707828861856,49.0
PT1,1.0244247824875683,23.34799573245433,0.0,0.0,,,[1.0244247824875683],"[23.34799573245433, 1]",1,20,1.841990284031621,0.3356484691440048,0.677496609251843,23.611805902951478,7.503751875937969,0.2052461026651934,good,True,False,False,False,7.931044581579866,2.523759442322832,49.0
PT1,2.6706055329026217,20.22802373084646,0.0,0.0,,,[2.6706055329026217],"[20.22802373084646, 1]",1,20,2.5041619452420343,0.4971884006206237,0.4001446119364725,9.704852426213106,2.501250625312656,0.1415538903842199,good,True,False,False,False,9.210440366976517,1.3455653004358659,49.0
PT1+Td,1.0276099171248303,40.19863592470176,0.0,3.4306481415455807,,,[1.0276099171248303],"[40.198635924701755, 1]",1,20,0.999608393064372,0.2456201446320352,0.508445186356138,37.61880940470235,13.706853426713357,0.3593106907279477,good,False,True,False,False,7.4822528267011315,1.0781647398389305,49.0
PT1,1.1621963883862236,49.94685108648151,0.0,0.0,,,[1.1621963883862236],"[49.94685108648151, 1]",1,20,2.277445672590368,0.2624595771755975,0.2333500153773499,35.01750875437719,11.2056028014007,0.2523219414512206,good,True,False,False,False,7.644603315994917,1.2922135221413744,49.0
PT2+Td,1.0239912660313897,13.801712243563886,12.569023651418696,2.8262065274367845,,,[1.0239912660313895],[173.47404762  26.37073589   1.        ],1,20,2.840187038258956,0.2414293207735638,0.3939221632418166,25.012506253126563,10.40520260130065,0.4187484806601724,good,False,False,False,True,7.967352658352273,2.103054003541225,49.0
PT1+Td,1.1100251664072165,17.91004364725428,0.0,4.603584725844577,,,[1.1100251664072163],"[17.91004364725428, 1]",1,20,2.442581065823541,0.9551510240362752,0.0353598830892555,11.2056028014007,3.701850925462731,0.2867377564796987,good,False,True,False,False,8.172495049324262,0.22862529258905384,49.0
PT1+Td,2.5081782348457184,19.70547681299157,0.0,1.9671426755809849,,,[2.5081782348457184],"[19.70547681299157, 1]",1,20,2.6613156129299704,0.5755475123600736,0.1771242417587906,9.004502251125562,2.40120060030015,0.151350903935685,good,False,True,False,False,7.353518715947311,2.1638590245461273,49.0
PT1+Td,1.049435124942771,18.13464745962354,0.0,3.563032468235331,,,[1.049435124942771],"[18.13464745962354, 1]",1,20,1.8272777507013225,0.2941409013043971,0.5895213981551604,22.211105552776388,6.703351675837919,0.1393514279985369,good,False,True,False,False,6.688438969257512,2.0545664423525123,49.0
PT2,2.108182503183066,7.670789375268375,26.73236747601949,0.0,,,[2.108182503183066],[205.05836041  34.40315685   1.        ],1,20,0.9062797428619468,0.161708986492702,0.2601377395290312,30.61530765382691,12.8064032016008,0.613148251399461,good,False,False,True,False,7.88922170348905,1.4378738159042832,49.0
PT1,0.6589119093170138,26.30745185909413,0.0,0.0,,,[0.6589119093170138],"[26.30745185909413, 1]",1,20,2.715849996388468,0.6570957215169944,0.7947969382336247,22.31115557778889,7.503751875937969,0.2807614388462519,good,True,False,False,False,8.056544255002914,2.8462455588902573,49.0
PT1+Td,1.5798575011305918,44.465479380525565,0.0,4.051006643418726,,,[1.5798575011305918],"[44.465479380525565, 1]",1,20,1.1982519904992646,0.3287722556222177,0.2516876367273598,26.61330665332666,9.30465232616308,0.4009246578256041,good,False,True,False,False,8.020196404204018,2.437592306737549,49.0
PT2+Td,1.572591272612354,3.585058414152808,2.2751731930921086,4.630166350041359,,,[1.572591272612354],[8.1566288  5.86023161 1.        ],1,20,0.9211592462109336,0.8989432735191046,0.4071781655836336,6.503251625812906,2.7013506753376686,0.6394516191687143,good,False,False,False,True,9.210440366976517,8.250919424438269,49.0
PT2+Td,0.9550453796392716,8.207802980656574,6.313768892120432,1.3981789171769523,,,[0.9550453796392715],[51.82217113 14.52157187  1.        ],1,20,2.74211862920337,0.1416165707222706,0.2208752677187087,15.307653826913455,7.003501750875437,0.0485955156507075,good,False,False,False,True,5.413026541552862,1.709318649849422,49.0
PT1,0.5265555504414785,14.784681530358917,0.0,0.0,,,[0.5265555504414785],"[14.784681530358915, 1]",1,20,1.2658236094256932,0.2401693050467486,0.7790481401869966,36.51825912956478,12.506253126563282,0.1059191955678969,good,True,False,False,False,7.331835917962272,0.9706998396724912,49.0
PT1,1.365399031781543,20.32896720935776,0.0,0.0,,,[1.365399031781543],"[20.328967209357756, 1]",1,20,0.7393748494614714,0.3668202372451243,0.3612865629572098,19.10955477738869,7.003501750875437,0.3671619933870081,good,True,False,False,False,7.907175860649705,3.3701574260735305,49.0
PT1+Td,1.832663053342882,47.33129996512214,0.0,1.422918295872514,,,[1.832663053342882],"[47.33129996512214, 1]",1,20,0.654986110547522,0.4771211263633492,0.8602603593270716,22.4112056028014,8.204102051025512,0.5809809591028475,good,False,True,False,False,8.350965164112184,3.466672184737288,49.0
PT2+Td,2.815431756611476,3.035767006110662,16.763378352704912,2.5142916452702373,,,[2.815431756611476],[50.88971091 19.79914536  1.        ],1,20,2.822351150012055,0.5781704293225151,0.0648039615455169,8.304152076038019,3.4017008504252124,0.5682618518964716,good,False,False,False,True,9.210440366976517,8.578615334743867,49.0
PT1+Td,1.656332288907089,7.036416155920932,0.0,4.575205989248816,,,[1.656332288907089],"[7.036416155920932, 1]",1,20,0.6240256795425004,0.1224414259716446,0.5645179164897628,24.61230615307654,6.203101550775387,0.0229483960180301,good,False,True,False,False,5.755023924898392,1.5146749578326226,49.0
PT1+Td,1.4278635612858488,24.20792901114205,0.0,0.5859428881986785,,,[1.4278635612858488],"[24.20792901114205, 1]",1,20,1.7594871843452493,0.3830410463009325,0.5496709796410156,18.509254627313656,5.9029514757378685,0.2354967543524843,good,False,True,False,False,5.767711787556642,2.722747608100626,49.0
PT1,1.012212655323617,33.18577244516699,0.0,0.0,,,[1.012212655323617],"[33.18577244516699, 1]",1,20,1.252079255902518,0.735955030454442,0.1393508212362407,19.70985492746373,7.303651825912956,0.4932154084952336,good,True,False,False,False,8.272809647010634,3.811774829283832,49.0
PT1,2.145859392474163,15.41668303128403,0.0,0.0,,,[2.145859392474163],"[15.41668303128403, 1]",1,20,2.618698857683037,0.7595981732998215,0.8295121684059668,8.104052026013006,2.101050525262631,0.1624709325824096,good,True,False,False,False,8.176356648298846,7.30266304942757,49.0
PT1,1.967282714854869,25.227304044503224,0.0,0.0,,,[1.967282714854869],"[25.227304044503224, 1]",1,20,1.7325325209835696,0.1501266465773641,0.9118282044250212,25.51275637818909,6.3031515757878935,0.0857025372546017,good,True,False,False,False,7.515481377073291,2.230346928409899,49.0
PT1,2.54615354864797,5.23079628885986,0.0,0.0,,,[2.54615354864797],"[5.23079628885986, 1]",1,20,2.1887233420670045,0.6740535364334778,0.4254364780807336,4.8024012006003,0.9004502251125562,0.0400019998756342,good,True,False,False,False,8.513880929013139,-1.5928102135416713,49.0
PT1,0.6281926680621648,27.924503167184188,0.0,0.0,,,[0.6281926680621648],"[27.924503167184188, 1]",1,20,1.0269865128780238,0.7532294966676435,0.3817779575264759,23.411705852926463,8.904452226113056,0.4913660412441117,good,True,False,False,False,8.302912452319328,2.799914865108794,49.0
PT1+Td,2.736896573955876,3.818970258105077,0.0,1.0369148469997391,,,[2.736896573955876],"[3.818970258105077, 1]",1,20,0.5582450927378392,0.4834682073639243,0.967528608888661,6.903451725862931,1.7008504252126062,0.1373285299882039,good,False,True,False,False,8.234576781020797,-0.9917981060657359,49.0
PT1+Td,1.8177893430219256,46.48444296843439,0.0,2.8632583861785093,,,[1.8177893430219259],"[46.48444296843439, 1]",1,20,1.721127779520417,0.199758785788746,0.0942862547383062,30.4152076038019,9.404702351175589,0.2332433786142535,good,False,True,False,False,7.810462577381744,1.8820580345694256,49.0
PT1,0.862622738310683,42.8947428446992,0.0,0.0,,,[0.862622738310683],"[42.8947428446992, 1]",1,20,1.8688880316063496,0.1492426901683785,0.4915325964833474,52.926463231615806,16.908454227113555,0.1661432255432232,good,True,False,False,False,6.686400640074552,0.45909643648764176,49.0
PT2+Td,2.893031159147721,42.15934403261272,11.918279445519152,0.9403926959990616,,,[2.893031159147721],[502.46684342  54.07762348   1.        ],1,20,2.6448382459795106,0.0541935390665052,0.0988071661612713,26.91345672836418,11.50575287643822,0.2906305673641693,good,False,False,False,True,7.750316958219924,1.5048694865213912,49.0
PT1+Td,1.2928486907329062,22.171005021507145,0.0,1.6229693877616194,,,[1.2928486907329062],"[22.171005021507145, 1]",1,20,2.2054603249861646,0.200290239349516,0.5655522659743687,25.91295647823912,6.603301650825412,0.0778379636931349,good,False,True,False,False,7.337517272622739,2.0378880783557194,49.0
PT1+Td,0.8566651186484351,46.01299760308657,0.0,4.496133742509334,,,[0.8566651186484351],"[46.01299760308657, 1]",1,20,2.344448640269878,0.7476102976266863,0.5313764811930555,24.412206103051524,8.604302151075537,0.4304096856613429,good,False,True,False,False,7.984826697940779,2.787752280510666,49.0
PT1+Td,1.5399232764510216,41.15807717619185,0.0,3.176624562952945,,,[1.5399232764510216],"[41.15807717619185, 1]",1,20,1.0286091675338458,0.2439511013480736,0.6869995345782433,30.61530765382691,10.705352676338167,0.3628888361520457,good,False,True,False,False,7.887376185387232,1.8242133963771998,49.0
PT1,0.9912340619069824,37.12981028246098,0.0,0.0,,,[0.9912340619069824],"[37.12981028246098, 1]",1,20,2.807622266410002,0.1812988692854542,0.1985266905986244,39.11955977988994,10.605302651325662,0.1041682556477294,good,True,False,False,False,7.443082968690523,1.1410262652886796,49.0
PT2,2.9764502840521745,27.236912274599806,44.22487955818711,0.0,,,[2.9764502840521745],[1.20454916e+03 7.14617918e+01 1.00000000e+00],1,20,2.790341536569928,0.0278053650058502,0.7001445462262366,38.61930965482741,16.50825412706353,0.3157688721263973,good,False,False,True,False,7.004144549925847,0.5872863912250416,49.0
