y_true,y_pred,abs_error,rel_error_%
11.560437,4.831123,6.7293143,58.20986
2.967308,2.6090488,0.3582592,12.073543
1.5254949,1.6490071,0.12351215,8.09653
5.9167943,6.368582,0.45178747,7.63568
7.60587,3.0536237,4.552246,59.85175
6.9980536,6.209294,0.7887597,11.27113
4.259663,3.524726,0.7349372,17.253412
0.36005205,1.1660056,0.80595356,223.84364
11.505602,11.898694,0.39309216,3.4165285
1.892012,4.7554307,2.8634186,151.34251
1.0379113,3.4776726,2.4397612,235.06451
2.12845,2.6647348,0.5362849,25.196033
2.6357706,4.1687775,1.5330069,58.16162
15.569993,5.285882,10.284111,66.05084
12.953687,8.165433,4.788254,36.96441
7.790027,4.663027,3.1270003,40.14107
3.731762,1.4014237,2.3303382,62.44606
2.0896695,1.7188585,0.370811,17.744959
1.5576229,2.2572837,0.6996608,44.918495
2.8481193,2.0203109,0.8278084,29.065088
3.596458,11.864984,8.268526,229.90749
1.48369,0.9602624,0.5234276,35.27877
5.5178514,5.621783,0.10393143,1.8835489
3.8066466,2.2534616,1.553185,40.80192
0.8568194,0.78102314,0.07579625,8.846233
7.7065897,3.884832,3.8217578,49.59078
15.952929,3.7463636,12.206565,76.516136
2.2336307,2.5583248,0.32469416,14.536608
1.6202892,0.86512184,0.75516737,46.60695
2.2001553,1.4415526,0.7586026,34.479504
6.4180703,4.0999646,2.3181057,36.118423
2.6192029,3.4109144,0.79171157,30.227196
16.10323,3.1003194,13.002911,80.74722
7.2959933,5.0344996,2.2614937,30.996378
2.8978662,2.4625287,0.43533754,15.022692
1.1098284,3.392764,2.2829356,205.70169
2.4916356,1.3653507,1.1262848,45.202633
11.585177,7.097002,4.4881754,38.74067
1.9647675,2.0188026,0.054035187,2.7502077
10.4489355,4.6295433,5.819392,55.693634
17.034029,9.88637,7.1476593,41.96106
0.702269,1.2297578,0.52748877,75.11207
8.332029,5.908485,2.4235444,29.087086
6.5575337,8.013843,1.4563088,22.20818
1.256606,1.0152037,0.24140227,19.210657
1.4151046,1.739105,0.32400036,22.895859
2.5608418,2.3358095,0.22503233,8.787436
5.835265,2.9189663,2.9162989,49.977142
3.195074,1.380429,1.814645,56.795086
8.918932,6.592259,2.326673,26.0869
2.274948,2.353199,0.07825112,3.4396887
10.21972,3.4096055,6.8101144,66.63699
0.8915363,1.2279932,0.33645695,37.739006
6.808391,7.343771,0.5353799,7.8635297
1.7549747,0.9916712,0.7633035,43.493706
6.2157197,4.117295,2.098425,33.759968
2.0748012,2.3966074,0.3218062,15.510218
18.370314,10.043027,8.327287,45.33013
2.9690711,2.2873905,0.6816807,22.959393
1.1361719,1.2294211,0.0932492,8.2073145
1.4370468,1.0895412,0.34750557,24.181925
9.963496,3.592309,6.371187,63.945297
3.1935678,3.407052,0.21348429,6.684821
0.38587794,0.781248,0.39537004,102.45987
4.945246,4.228643,0.7166033,14.490749
0.85801405,1.2132285,0.35521442,41.399605
9.2585,3.341175,5.917325,63.91235
5.356105,3.2144966,2.1416082,39.984436
3.3805792,4.887079,1.5064995,44.563354
5.7286158,3.9444785,1.7841372,31.1443
2.797743,4.7538757,1.9561327,69.918236
6.55771,4.337712,2.2199984,33.853256
0.4135782,0.97797394,0.5643957,136.4665
5.77635,6.2785172,0.5021672,8.693503
1.2604738,2.1325169,0.872043,69.18375
2.9940894,3.0495105,0.055421114,1.8510174
5.937584,10.783571,4.8459873,81.61547
7.7603498,8.117216,0.35686636,4.598586
16.32423,9.4622,6.86203,42.03586
5.5058317,3.1018286,2.4040031,43.662853
2.039179,2.1702695,0.1310904,6.428587
3.4244363,1.875881,1.5485554,45.220737
1.3945227,1.9889691,0.5944464,42.62723
1.1592988,3.8447514,2.6854525,231.64456
3.722415,5.6580806,1.9356656,52.000263
1.2307932,2.3082407,1.0774474,87.54089
1.0091444,1.7026541,0.6935097,68.72254
12.437912,9.318859,3.119053,25.07698
7.580011,6.688847,0.8911638,11.756762
15.594408,6.618775,8.975634,57.556744
10.022872,9.765523,0.257349,2.5676174
0.534644,2.5010672,1.9664232,367.80048
2.2436597,3.222509,0.9788492,43.627346
2.9860446,3.7807908,0.79474616,26.615349
1.4797326,1.129235,0.3504976,23.686548
1.2174443,3.609436,2.3919916,196.47647
3.7401986,5.0891843,1.3489857,36.06722
3.347347,2.249099,1.098248,32.809505
0.51333064,1.1477613,0.6344307,123.59104
2.1917725,1.9453278,0.2464447,11.244082
1.4482985,1.2786975,0.16960096,11.71036
0.42102352,0.87512994,0.45410642,107.85773
5.9680414,7.1455383,1.1774969,19.73004
3.7778194,4.800618,1.0227988,27.073788
0.85575074,0.7214316,0.13431913,15.696057
3.3791173,2.6704545,0.70866275,20.97183
14.439153,12.205475,2.2336779,15.469591
0.9746795,0.96513116,0.009548366,0.9796416
1.8057815,2.4269254,0.62114394,34.397514
2.8056743,1.9882357,0.8174386,29.135191
6.8461404,9.985282,3.1391416,45.85272
4.458241,3.9312382,0.5270028,11.8208685
1.0865932,1.2452838,0.15869069,14.604425
2.9928653,2.1276236,0.86524177,28.910147
6.1287174,6.1112633,0.017454147,0.2847928
6.4174147,2.90398,3.5134346,54.748444
3.7229505,1.8964133,1.8265371,49.06155
0.707549,3.9530826,3.2455335,458.7009
1.2310122,0.6581073,0.57290494,46.539337
7.0204444,3.8746514,3.145793,44.80903
0.39737102,0.9218067,0.52443564,131.97632
0.9090179,0.75970125,0.14931667,16.426153
0.6562809,1.1371207,0.48083985,73.26739
4.6443934,3.8097062,0.83468723,17.971931
9.670949,7.4910088,2.1799402,22.54112
5.4492455,6.1812353,0.73198986,13.432867
1.1091391,1.1269064,0.01776731,1.601901
1.2694649,1.6803792,0.4109143,32.3691
0.87868524,0.3617799,0.5169053,58.82713
0.67851317,2.8022072,2.123694,312.9923
1.3901857,2.5590343,1.1688486,84.0786
0.6269179,0.8916148,0.2646969,42.22194
0.8375661,1.7491441,0.911578,108.83655
0.7446376,0.8433635,0.098725915,13.258249
3.0651917,1.9435008,1.121691,36.59448
1.4178245,0.7677206,0.6501039,45.852215
7.777473,2.226521,5.550952,71.372185
12.273332,16.630924,4.3575926,35.504562
4.6233606,3.8474746,0.77588606,16.781864
17.0479,10.684636,6.363263,37.32579
2.9317343,3.8720694,0.94033504,32.07436
4.9072084,3.1316094,1.775599,36.183487
2.6120207,4.2023096,1.5902889,60.88347
6.8009186,2.6391568,4.1617618,61.19411
7.2681823,3.7511063,3.517076,48.390038
2.0173388,3.4321084,1.4147696,70.13049
0.36336604,0.8300146,0.46664855,128.42383
3.4285371,3.217442,0.2110951,6.1570015
0.9794585,0.8279923,0.15146619,15.464278
13.016348,5.8332963,7.1830516,55.18485
1.9655714,6.47706,4.5114884,229.52554
11.13778,6.536303,4.601477,41.31413
0.81838024,1.2822022,0.463822,56.675613
4.4956164,7.7764473,3.2808309,72.97845
3.7981098,2.232808,1.5653017,41.21265
3.4857545,3.743291,0.2575364,7.3882546
3.765673,8.1653805,4.399708,116.83722
11.776032,7.8133373,3.9626951,33.65051
0.71874785,1.1657262,0.44697833,62.188477
2.5583563,4.2569427,1.6985865,66.39366
5.3954163,5.4566708,0.0612545,1.1353064
4.4621053,4.2753205,0.18678474,4.1860228
3.1514509,3.344984,0.19353318,6.141082
0.59033775,1.00441,0.41407228,70.14159
7.8649817,7.9375143,0.072532654,0.9222228
0.45579758,0.6048151,0.14901754,32.693798
5.5003066,6.091566,0.5912595,10.749573
0.60589737,3.2305675,2.62467,433.18726
0.50726175,0.9924153,0.48515356,95.641655
5.2052207,3.574605,1.6306157,31.326542
5.117384,8.148462,3.0310783,59.231014
8.789336,3.5688062,5.22053,59.39618
17.465109,6.117928,11.347181,64.97057
2.2906883,1.1234906,1.1671977,50.954018
1.0648165,0.70053935,0.36427712,34.21032
3.935574,3.4598475,0.4757266,12.087858
6.7857146,2.9605682,3.8251464,56.37058
7.254886,6.3414307,0.9134555,12.5909
0.7295888,1.4088688,0.67928,93.1045
6.194724,4.9370327,1.2576914,20.30262
4.5358844,4.169037,0.36684752,8.087674
1.0196303,2.460067,1.4404367,141.2705
1.3496842,4.6682324,3.3185482,245.8759
1.2130445,3.0885143,1.8754698,154.60849
7.587816,5.490686,2.0971303,27.638126
1.5183694,4.299928,2.7815588,183.19382
4.2557178,2.575878,1.6798398,39.472538
0.33543453,1.1791809,0.8437463,251.53831
16.560225,8.541016,8.019209,48.42452
1.0494174,1.246254,0.19683659,18.75675
10.248485,3.6958427,6.552642,63.937664
3.3511252,5.9915767,2.6404514,78.79298
10.193284,6.74769,3.4455938,33.80259
1.5402867,1.7307847,0.190498,12.367697
2.469445,1.1146936,1.3547513,54.860558
1.5996867,0.8559079,0.7437788,46.49528
5.767403,10.976897,5.209494,90.32651
5.5870395,4.23486,1.3521795,24.202076
0.74480516,1.4420407,0.6972355,93.61314
6.67337,6.6410007,0.032369137,0.48504934
7.8188367,7.652911,0.1659255,2.1221251
0.8094666,1.6861382,0.87667155,108.30237
4.019544,4.3415112,0.32196712,8.010041
4.4054437,2.960157,1.4452868,32.806835
7.641946,5.0018864,2.6400595,34.546955
4.393452,3.1386352,1.254817,28.561071
3.5195267,3.7887511,0.2692244,7.649449
12.539913,10.501692,2.0382214,16.253872
0.8851908,1.2751064,0.38991565,44.04877
1.2621137,2.5872345,1.3251208,104.992195
5.777467,5.2203074,0.5571594,9.643663
10.479618,6.4582424,4.0213757,38.373302
4.543606,5.816155,1.2725492,28.007473
2.1861145,4.2114253,2.0253108,92.64431
3.2966256,1.9293542,1.3672714,41.474876
